player_id,position
moncrsi01,G
johnsvi01,G
macyky01,G
moorejo01,G
leaveal01,G
sichtje01,G
richacl01,G
hustoge01,G
highjo01,G
mackol01,G
duerote01,G
garlaga01,G
hollabr01,G
cartere01,G
peckwi01,G
mcculjo01,G
crosbte01,G
mccorke01,G
priceto01,G
deanegr01,G
,
,
kreklwa01,G
hamilro01,G
reidbi01,G
johnsma02,G-F
paxsoji02,G-F
bradldu01,G-F
spanaji01,G-F
nattca01,F
robincl01,F
kingre01,F
kelsegr01,F
garreca01,F
flowebr01,F
toonebe01,F
dawkipa01,F
johnsle01,F
zenoto01,F
nilesmi01,F
willisl01,F-G
johnsch02,F-G
greenda01,F-C
hubbaph01,F-C
jonesch01,F-C
baileja01,F-C
jonesed01,F-C
curetea01,F-C
hordgce01,F-C
demicla01,F-C
laimbbi01,C
cartwbi01,C
donalja01,C
eatonma01,C
kramear01,C
norrisy01,C
mokespa01,C-F
sparrro01,G
toneyan01,G
drewla01,G
cookda01,G
griffda01,G
ranseke01,G
matthwe01,G
cartebu01,G
romarlo01,G
lestero01,G
moorelo01,G
worthsa01,G
brittda01,G
jacksto02,G
fulleto01,G
nattke01,G
nicksca01,G
kinchch01,G
reidbi01,G
durenjo01,G
woodsmi01,G-F
hanzlbi01,G-F
whitnha02,G-F
vandeki01,F
rambiku01,F
orrlo01,F
brookmi01,F
wileymi01,F
wilkeja02,F
robinwa01,F
keacl01,F
yonakri01,F
scalede01,F
sheltcr01,F
davismo01,F
stroujo01,F
milledi01,F
stroejo01,F
rayja01,F
valenro01,F
allumda01,F
okoremi01,F-G
collido02,F-G
rankwa01,F-G
mchalke01,F-C
smithla01,F-C
johnsre01,F-C
gminsmi01,C
oldhaja01,C
baileca01,C
mahorri01,C-F
carrojo01,C-F
rulanje01,C-F
nimphku01,C-F
brownri01,C-F
harpemi01,C-F
bransbr01,C-F
thomais01,G
blackro01,G
aingeda01,G
valenda01,G
johnsfr01,G
edwarfr01,G
wheelcl01,G
radfoma01,G
bradlch01,G
burkmro01,G
rowlade01,G
blumera01,G
burnsda01,G
dillami01,G
lloydle01,G-F
woodal01,G-F
mcgeemi01,G-F
turneel01,G-F
mckenke01,G-F
jackstr01,G-F
wittsga01,G-F
woolror01,F
vinceja01,F
vraneda01,F
willisa02,F
davisch02,F
verhope01,F
sprigla01,F
tolbera01,F
dennake01,F
rainsed01,F
smithji01,F
bradlal02,F
woodho01,F
greenke01,F
cattabo01,F
dykemcr01,F
gregocl01,F
lingest01,F
aguirma01,F-G
johnsed03,F-G
tripuke01,F-G
banksge01,F-G
kingal01,F-G
lampje01,F-G
macklru01,F-G
loderke01,F-G
willibu01,F-C
nancela01,F-C
chambto01,F-C
brickfr01,F-C
mcdowha01,F-C
gudmupe01,C
schayda01,C-F
listeal01,C-F
willihe01,C-F
johnsst03,C-F
coopejo01,C-F
piercri01,G
leverfa01,G
floydsl01,G
tucketr01,G
connele01,G
hodgecr01,G
baglejo01,G
dailequ01,G
eavesje01,G
williro02,G
warribr01,G
hugheed01,G
mosspe01,G
edmonke01,G
wilsomi01,G
robinol01,G
anderdw01,G
morgagu01,G
tayloje01,G
slaugjo01,G
,
,
schwejo01,G
russewa01,G
presspa01,G-F
smithde02,G-F
steppbr01,G-F
taylovi01,G-F
cummite01,F
worthja01,F
levincl01,F
higgiro01,F
kellocl01,F
nealyed01,F
garnebi02,F
whitero01,F
pittmch01,F
kopicjo01,F
anderjj01,F
gibsomi01,F
philled01,F
sapplwa01,F
greigjo01,F
magleda01,F
thompco01,F
wilkida01,F
wilkido01,F-G
sandemi01,F-G
teaglte01,F-G
brownto01,F-G
thirdda01,F-G
towneli01,F-G
roberfr01,F-C
hastisc01,F-C
anderri01,F-C
schoeru01,F-C
eatonma01,C
norriau01,C
bryanwa01,C
englech01,C
nevitch01,C
aleksch01,C
thompla01,C-F
mcnamma01,C-F
tillida01,C-F
johnsji01,C-F
drexlcl01,G
harpede01,G
scottby01,G
riverdo01,G
malonje01,G
threase01,G
paxsojo01,G
walkeda01,G
hansebo01,G
wiggimi01,G
whatlen01,G
sundvjo01,G
thomaji01,G
holtomi01,G
minnidi01,G
lowesi01,G
willike01,G
fostero01,G
mannipa01,G
suttlda01,G
,
,
clarkca01,G
carteho01,G
jonesma02,G
grangst01,G
ellisda01,G-F
ehlocr01,G-F
wittmra01,G-F
thomppa01,G-F
mcneach01,F
michela01,F
garrijo01,F
combsle01,F
willigu02,F
pinonjo01,F
thibepe01,F
weidnbr01,F
austike01,F
rautile01,F
kuczebr01,F
mccraro01,F-G
dayeda01,F-G
mccrasc01,F-G
baileth01,F-C
carran01,F-C
hinsoro01,F-C
greensi02,F-C
stipast01,C
breuera01,C
bolma01,C
kitegr01,C
waitegr01,C
crossru01,C
piotrto01,C
lockhda01,C
lamplji01,C
creviro01,C
westma01,C-F
sampsra01,C-F
stockjo01,G
roberal01,G
flemive01,G
humphja01,G
youngda01,G
coltest01,G
woodle01,G
stanste01,G
wilsoot01,G
carliri01,G
whitewi01,G
slubyto01,G
henryca01,G
burttst01,G
jacksra01,G
singlmc01,G
gravebu01,G
sewelto01,G
gordola01,G
jordami01,G-F
barklch01,F
kerseje01,F
colembe01,F
jonesch02,F
mcdonbe01,F
sittoch01,F
biniojo01,F
edelike01,F
crossje01,F
popeda01,F
martibr01,F
durrade01,F
murphja01,F
blackco01,F
anderro01,F-G
campbto01,F-G
fieldke01,F-G
thompbe01,F-G
youngmi01,F-G
thorpot01,F-C
perkisa01,F-C
willike02,F-C
cagemi01,F-C
peterji01,F-C
turneje01,F-C
wilkied01,F-C
thornbo01,F-C
bannike01,F-C
grandji01,F-C
rowinji01,F-C
plummga01,F-C
olajuha01,C
mccorti01,C
turpime01,C
jonesea01,C
bowiesa01,C-F
grayst01,C-F
jonesoz01,C-F
portete01,G
dumarjo01,G
adamsmi01,G
webbsp01,G
battljo01,G
vincesa01,G
harrist01,G
ruddde01,G
phelpmi01,G
keeliha01,G
toneyse01,G
youngpe01,G
shousde01,G
mccladw01,G
cofiefr01,G
corbity01,G-F
eliema01,G-F
wilkige01,G-F
reynoje01,G-F
steveba01,G-F
malonka01,F
mcdanxa01,F
pincked01,F
mitchsa01,F
catlete01,F
scurrca01,F
gervide01,F
willipe01,F
rothsc01,F
johnske01,F
charllo01,F
martibi01,F
mcqueco01,F
wintevo01,F
wrighbr01,F
stivral01,F
greenke02,F
gloucge01,F
mullich01,F-G
brancad01,F-G
davisma01,F-G
lewisra01,F-G
hugheri01,F-G
schrede01,F-C
greenac01,F-C
oaklech01,F-C
williho01,F-C
tisdawa01,F-C
acresma01,F-C
leeke01,F-C
stokegr01,F-C
sabonar01,C
benjabe01,C
kleinjo01,C
rasmubl01,C
wennibi01,C
bolma01,C
smrekmi01,C
blabuw01,C
josepyv01,C
brittmi01,C
vanosni01,C
martife01,C
ewingpa01,C-F
koncajo01,C-F
brownmi01,C-F
hornaje01,G
pricema01,G
curryde01,G
skilesc01,G
dawkijo01,G
petrodr01,G
lesji01,G
washipe01,G
turnean01,G
gondrgr01,G
wagnemi01,G
wilsori02,G
henryco01,G
smithke03,G
poleedw01,G
rowanro01,G
jacksmy01,G
jacksmi02,G
hendeke01,G
douglbr01,G
,
,
pressdo01,G
hendeda01,G
harpero01,G-F
mcmilna01,G-F
smithot01,G-F
bowiean01,G-F
wingada01,G-F
myerspe01,G-F
jonesan01,G-F
rodmade01,F
persoch01,F
johnsbu01,F
walkeke01,F
thompbi01,F
alarima01,F
berrywa01,F
fredean01,F
smithcl01,F
meentsc01,F
kitchcu01,F
hendece01,F
willimi03,F
rellfri01,F
mckenfo01,F
johnsst02,F
newmajo01,F-G
pressha01,F-G
addisra01,F-G
martima01,F-G
sallejo01,F-C
willijo02,F-C
gattike01,F-C
krystla01,F-C
kemptti01,F-C
rogerjo01,F-C
daughbr01,C
sabonar01,C
duckwke01,C
volkoal01,C
dreilgr01,C
shaskjo01,C
feitlda01,C
bedfowi01,C
washbch01,C
tarplro01,C-F
sellebr01,C-F
murphto01,C-F
hoppeda01,C-F
johnske02,G
jacksma01,G
boguemu01,G
smithke01,G
marcisa01,G
garlawi01,G
alforst01,G
farmeji01,G
washidu01,G
johnsda02,G
kofoeba01,G
blackna01,G
donovbi01,G
walleja01,G
whiteto01,G
millere01,G-F
lewisre01,G-F
askewvi01,G-F
hopsode01,G-F
leedo01,G-F
normake01,F
royaldo01,F
rowsobr01,F
mccanbo01,F
whiteer01,F
grandro01,F
comegda01,F
critewi01,F
ortizjo01,F
moorean01,F
wilsoni01,F
johnska01,F
arlaujo01,F
murphro01,F
winslri01,F
colemno01,F
pippesc01,F-G
gamblke01,F-G
willire01,F-G
grantho01,F-C
mckeyde01,F-C
gilliar01,F-C
andergr01,F-C
lohaubr01,F-C
frankte01,F-C
wolfjo01,F-C
popsoda01,F-C
robinda01,C
dudlech02,C
welpch01,C
zevenph01,C
moorero01,C
nesslma01,C
polynol01,C-F
haleyja01,C-F
hawkihe01,G
stricro02,G
richmmi01,G
kerrst01,G
delnevi01,G
willimi02,G
maxweve01,G
chapmre01,G
shawbr01,G
edwarke01,G
grantga01,G
garrito01,G
wileymo01,G
gaineco01,G
tayloan01,G
andermi01,G
smartke01,G
graceri01,G
riverda01,G
stephev01,G
,
,
nealcr01,G
majerda01,G-F
anderwi01,G-F
eacklle01,G-F
masonan01,F
longgr01,F
morrich01,F
grantha01,F
chievde01,F
berryri01,F
laneje01,F
bennewi01,F
graysy01,F
jonessh01,F
johnsna01,F
grahaor01,F
dembofe01,F
mitchto01,F
lockro01,F
grayeje01,F-G
keysra01,F-G
paddige01,F-G
mannida01,F-C
smithch01,F-C
bryanma01,F-C
perryti01,F-C
shackch01,F-C
tolbeto01,F-C
sumptba01,F-C
smitsri01,C
seikaro01,C
langan01,C
perduwi01,C
garrede01,C
ferrero01,C
butlegr01,C
horfoti01,C
leckner01,C-F
hardati01,G
blaylmo01,G
barroda01,G
armstbj01,G
douglsh01,G
richapo01,G
workmha01,G
irvinby01,G
martije01,G
grantgr01,G
mortojo01,G
edwarja02,G
haffnsc01,G
morrimi01,G
mccloge01,G-F
edwarbl01,G-F
westdo01,G-F
lichtto01,G-F
marblro01,G-F
ricegl01,F
elliose01,F
ferryda01,F
reidjr01,F
brownch01,F
hammoto01,F
anslemi01,F
battlke01,F
whitera01,F
smithmi01,F
quinnbr01,F
durhapa01,F
hortoed01,F
brundst01,F
nixdy01,F
kornefr01,F
blantri01,F
sandeje01,F
anderni01,F-G
payneke01,F-G
robincl02,F-C
kempsh01,F-C
ellispe01,F-C
radjadi01,F-C
kingst01,F-C
cookan01,F-C
divacvl01,C
rothdo01,C
leonaga01,C
paytoga01,G
gillke01,G
brownde01,G
colesbi01,G
abdulma02,G
smithto02,G
robinru01,G
knighne01,G
hensost01,G
maystr01,G
georgta01,G
engliaj01,G
blankla01,G
pritcke01,G
kimblbo01,G
bardost01,G
olivebr01,G
glassge01,G-F
higgise01,G-F
jamerda01,G-F
colemde01,F
kukocto01,F
hillty01,F
cebalce01,F
vaughlo01,F
scottde01,F
millste01,F
stronde01,F
simmoli01,F
masseto01,F
bonnean01,F
herreca01,F
willike03,F
liberma01,F
wilsotr01,F
buechju01,F-G
burtowi01,F-G
davisan01,F-C
willija01,F-C
fostegr01,F-C
abdelal01,F-C
kesslal01,F-C
mustaje01,F-C
campbel01,C
spencfe01,C
causwdu01,C
schindw01,C
jepsele01,C
schefst01,C-F
palmewa01,C-F
babicmi01,C-F
ruscost01,C-F
smithst01,G
brandte01,G
anderke01,G
anthogr01,G
phillbo01,G
murdoer01,G
perryel01,G
brownra02,G
iuzzomi01,G
overtdo01,G
corchch01,G
smithla02,G
suttogr01,G
maconma01,G
brownmy01,G
monroro01,G
strotla01,G
lynchke01,G-F
oliveji01,G-F
greense01,G-F
johnsla02,F
dumasri02,F
smithdo03,F
randama01,F
aventan01,F
brookke01,F
turnejo01,F
foxri01,F-G
augmost01,F-G
owensbi01,F-G
davisda01,F-C
gatlich01,F-C
delebi01,F-C
chilcpe01,F-C
ellisle02,F-C
mutomdi01,C
longllu01,C
austiis01,C
roberst01,C
tabakza01,C
hodgedo01,C
kingri01,C
gallach01,C
alexavi01,C-F
sprewla01,G
barryjo01,G
jacksji01,G
peelean01,G
stithbr01,G
davishu01,G
sealyma01,G
pricebr01,G
maybele01,G
minerha01,G
danilsa01,G
smithch03,G
benneto01,G
greenli01,G
woodsra01,G
willico01,G
benneel01,G
coopedu01,G
chrisdo01,G-F
dayto01,G-F
johnsda01,G-F
horryro01,F
weathcl01,F
guglito01,F
ellisla01,F
keefead01,F
murratr01,F
jonespo01,F
macledo01,F
houstby01,F
maxeyma01,F
kingch01,F
morriis01,F
steigma01,F
williwa02,F-G
davisbr02,F-G
brownpj01,F-C
laettch01,F-C
onealsh01,C
mournal01,C
geigema01,C
milleol01,C
rooksse01,C
fishma01,C
smithre01,C
mornida01,C
werdaro01,C
spencel01,C
cassesa01,G
vanexni01,G
houstal01,G
hunteli01,G
harrilu01,G
rideris01,G
whitnch01,G
deherte01,G
waltere01,G
robinja02,G
grahagr01,G
jordaad01,G
meeda01,G
fordal01,G
hurlebo01,G
hardaan01,G-F
cheanca01,G-F
burresc01,G-F
russebr01,F
bakervi01,F
mashbja01,F
rogerro01,F
millsch01,F
lynchge01,F
blounco01,F
grantjo01,F
edwardo01,F
burnsev01,F
webbech01,F-C
earlac01,F-C
mackema01,F-C
bradlsh01,C
johnser02,C
muresgh01,C
rileyer01,C
peplomi01,C
hammige01,C
stokeed01,C
wrighlu01,C
manniri01,C
haskisc01,C-F
petruri01,C-F
thompke01,C-F
kiddja01,G
persowe01,G
mckieaa01,G
wardch01,G
lenarvo01,G
eisleho01,G
reevekh01,G
goldwan01,G
thompbr01,G
dumasto01,G
nickega01,G
tylerbj01,G
jonesed02,G-F
roseja01,G-F
piatker01,G-F
minorgr01,G-F
hancoda01,G-F
howarju01,F
marshdo01,F
grantbr01,F
robingl01,F
smithmi02,F
murrala01,F
fundela01,F
willimo01,F
simpkdi01,F
millean01,F
alstode01,F
wingfdo01,F
curlebi01,F
watsoja01,F
mortodw01,F
webstje01,F
hillgr01,F-G
langan02,F-G
wrighsh01,F-C
mcilvji01,C
montrer01,C
rebraze01,C
scottsh01,C
mobleer01,C
claxtch01,C
dareyi01,C
rogerca01,C-F
roziecl01,C-F
barrybr01,G
stoudda01,G
snower01,G
besttr01,G
surabo01,G
hoibefr01,G
edneyty01,G
carrch01,G
alexaco01,G
respesh01,G
allenje01,G
kingji02,G
motenla01,G
kingfr01,G
childra01,G
renchte01,G
boycedo01,G
finlemi01,G-F
stackje01,G-F
davisma02,G-F
marticu01,G-F
thomaku01,F
smithjo02,F
willico02,F
hendeal01,F
trentga01,F
willier01,F
reiddo01,F
caffeja01,F
bennema01,F
obanned01,F
marshdo02,F
vaughda02,F
fordsh01,F
lewisma01,F
roelo01,F
whitfdw01,F
burroju01,F
garneke01,F-C
wallara01,F-C
mcdyean01,F-C
declean01,F-C
ostergr01,C
reevebr01,C
zidekge01,C
meyerlo01,C
mcdonmi01,C
tarladr01,C
ratlith01,C-F
parksch02,C-F
allenra02,G
nashst01,G
iversal01,G
marbust01,G
fishede01,G
kittlke01,G
mcinnje01,G
delkto01,G
norrimo01,G
livinra01,G
gearyre01,G
barrydr01,G
brownma01,G
robinch01,G
bryanko01,G-F
abdursh01,F
walkean02,F
willije01,F
rosema01,F
walkesa01,F
mccarwa01,F
wallajo01,F
hendrma01,F
muursma01,F
rogerro02,F
evansbr01,F
popema01,F
davisbe01,F
sasseja01,F
nordgje01,F
jonesdo01,F
stojape01,F-G
andersh01,F-G
onealje01,F-C
wrighlo02,F-C
harriot01,F-C
mccasam01,F-C
ilgauzy01,C
dampier01,C
potapvi01,C
feickja01,C
knightr01,C
fulleto02,C
rentzef01,C
hamerst01,C
laudepr01,C
cambyma01,C-F
billuch01,G
daniean01,G
anderde01,G
knighbr01,G
jacksbo01,G
parkean01,G
johnsan02,G
willial02,G
vaughja01,G
smithch04,G
wheatde01,G
grayed01,G
washier01,G
cottoja02,G
collija01,G
shammgo01,G
mercero01,G-F
obannch01,G-F
milicma01,G-F
rhodero01,G-F
vanhoke01,F
thomati01,F
croshau01,F
fortsda01,F
tayloma01,F
crawfch01,F
abdulta01,F
hendece02,F
thomajo02,F
stewake01,F
taylojo01,F
wellsbu01,F
boothke01,F
mcgratr01,F-G
jacksst02,F-G
honeyje01,F-G
duncati01,F-C
catoke01,C
pollasc01,C
blounma01,C
foylead01,C
jacksma02,C
drobnpr01,C
anstech01,C
lawsoja01,C
grantpa01,C
battito01,C-F
bibbymi01,G
moblecu01,G
willija02,G
alstora01,G
hughela01,G
davisri01,G
buckngr01,G
luety01,G
willish01,G
lopezfe01,G
drewbr01,G
baileto01,G
dialde01,G
wheelty01,G
simonmi01,G
benjaco01,G
carrco01,G
cartevi01,G-F
wellsbo01,G-F
dickemi01,G-F
jacobsa01,G-F
nowitdi01,F
lewisra02,F
jamisan01,F
harrial01,F
harprma01,F
patteru01,F
garripa01,F
skinnbr01,F
traylro01,F
bowenry01,F
bastoma01,F
fowlktr01,F
sesayan01,F
pattean01,F
braggto01,F
mcleoro01,F
stackry01,F
youngko01,F
turkcmi01,F
johnsde02,F
,
,
hendejr01,F
piercpa01,F-G
lafrera01,F-C
clarkke01,F-C
whiteja01,F-C
marksse01,F-C
nestera01,C
mohamna01,C
doleami01,C
stepavl01,C
mccoyje01,C
jamesje01,C
olowomi01,C
shawca01,C
sundobr01,C
ginobma01,G
terryja01,G
millean02,G
davisba01,G
francst01,G
glovedi01,G
langdtr01,G
cummivo01,G
herrech01,G
roberry01,G
celesjo01,G
averywi01,G
hamilri01,G-F
georgde01,G-F
giricgo01,G-F
buforro01,G-F
profila01,G-F
mariosh01,F
brandel01,F
odomla01,F
kirilan01,F
maggeco01,F
artesro01,F
szczewa02,F
thomake01,F
jonesju01,F
padgesc01,F
nailole01,F
ruffimi01,F
bendejo01,F
bowdlca01,F
lewisqu01,F
jamesti01,F
poseyja01,F-G
fosteje01,F-C
ekeziob01,F-C
ketnela01,F-C
maccuto01,C
elsonfr01,C
boothca01,C
eschmev01,C
zhizhwa01,C
smithle01,C
youngti01,C
bramlaj01,C
radojal01,C
hamilve01,C
crawfja01,G
reddmi01,G
richaqu01,G
houseed01,G
doolike01,G
claxtsp01,G
stevede01,G
jaricma01,G
hartja01,G
alexaco02,G
elamikh01,G
guytoaj01,G
barkler01,G
rakocig01,G
postela01,G
cleavma01,G
turkohe01,F
martike01,F
petermo01,F
najered01,F
masonde01,F
swiftst01,F
cardibr01,F
thomaet01,F
milesda01,F
madsema01,F
johnsde03,F
harvedo01,F
fizerma01,F
langhda01,F
portech01,F
dickeka01,F
smithmi03,F
millemi01,F-G
moisoje01,F-C
magloja01,C
przybjo01,C
mihmch01,C
voskuja01,C
brezepr01,C
tsakaja01,C
collija02,C
ndiayma02,C
smithja01,C
oyedeol01,C
mottoha01,C
samakso01,C
mcclida01,C
browner01,C
bagarda01,C
parketo01,G
richaja01,G
arenagi01,G
watsoea01,G
tinslja01,G
hassetr01,G
brownke01,G
lopezra01,G
sasseje01,G
solomwi01,G
breweja01,G
cookom01,G
trepaje01,G
fortejo01,G
armstbr01,G
satteke01,G
johnsjo02,G-F
simmobo01,G-F
jefferi01,F
battish01,F
wallage01,F
radmavl01,F
brownkw01,F
scalabr01,F
whitero02,F
lamplse01,F
morrite01,F
fordal02,F
fotsian01,F
hastoki01,F
brownda02,F
gasolpa01,F-C
randoza01,F-C
murphtr01,F-C
collija03,F-C
griffed01,F-C
woodslo01,F-C
bradlmi01,F-C
johnske03,F-C
chandty01,C
dalemsa01,C
haywobr01,C
curryed01,C
collija04,C
diopde01,C
huntest01,C
boumtru01,C
jonesal01,C
javtoro01,C
okurme01,C-F
salmojo01,G
masonro01,G
murraro01,G
dixonju01,G
dickada01,G
welscji01,G
rushka01,G
navarju01,G
willija03,G
willifr02,G
wagneda02,G
maddoti01,G
slayta01,G
jonesfr01,G-F
jacobca01,G-F
yarbrvi01,G-F
jeffech01,G-F
princta01,F
butleca01,F
scolalu01,F
goodedr01,F
barnema02,F
wilcoch01,F
songada01,F
jeffrja01,F
nachbbo01,F
baxtelo01,F
woodsqy01,F
haislma01,F
edwarco01,F
archiro01,F
owensch01,F
holcora01,F
humphry01,F
tskitni01,F
dunlemi02,F-G
butlera01,F-G
stoudam01,F-C
boozeca01,F-C
hilarne01,F-C
sampsja01,F-C
mingya01,C
krstine01,C
gadzuda01,C
elyme01,C
anderda03,C
borchcu01,C
kasunma01,C
wadedw01,G
hinriki01,G
willima01,G
barbole01,G
ridnolu01,G
blakest01,G
delfica01,G
fordtj01,G
greenwi01,G
banksma01,G
planizo01,G
hansetr01,G
zimmede01,G
belltr01,G
gainere01,G
becirsa01,G
morlepa01,G
korveky01,G-F
boganke01,G-F
pietrmi01,G-F
jonesda02,G-F
pavloal01,G-F
anthoca01,F
collini01,F
bonnema01,F
outlatr01,F
waltolu01,F
kaponja01,F
hayesja01,F
cookbr01,F
sweetmi01,F
cabarza01,F
huntebr01,F
ebind01,F
beaslje01,F
jamesle01,F-G
howarjo01,F-G
jonesja02,F-G
boshch01,F-C
westda01,F-C
diawbo01,F-C
milicda01,F-C
szewcsz01,F-C
austima01,F-C
yuyanxu01,F-C
pachuza01,C
perkike01,C
kamanch01,C
langja01,C
vranesl01,C
lampema01,C
glynian01,C
schorso01,C
sinanne01,C
martike02,G
harride01,G
nelsoja01,G
gordobe01,G
udrihbe01,G
livinsh01,G
duhonch01,G
westde01,G
vujacsa01,G
telfase01,G
snydeki01,G
iveyro01,G
burksan01,G
florelu01,G
spanova01,G
chalmli01,G
iguodan01,G-F
smithjr01,G-F
allento01,G-F
childjo01,G-F
robinbe01,G-F
smithdo04,G-F
denglu01,F
arizatr01,F
smithjo03,F
khryavi01,F
sowpa01,F
reedju01,F
jackslu02,F
emmetan01,F
moniase01,F
freijma01,F
sanikvi01,F
wrighdo01,F-G
varejan01,F-C
humphkr01,F-C
vromaja01,F-C
howardw01,C
biedran01,C
harrida01,C
swiftro01,C
ramospe01,C
podkopa01,C
seungha01,C
araujra01,C
miralal01,C
karause01,C
jeffeal01,C-F
okafoem01,C-F
lishcse01,C-F
paulch01,G
willide01,G
willilo02,G
ellismo01,G
feltora01,G
jackja01,G
robinna01,G
headlu01,G
dienetr01,G
mccanra01,G
wafervo01,G
stoudsa01,G
ewingda01,G
wrighbr02,G
hodgeju01,G
ukicro01,G
ackeral01,G
greenor01,G
akyolce01,G
milescj01,G-F
webstma02,G-F
greenge01,G-F
wrighan01,G-F
thompdi01,G-F
leeda02,F
willima02,F
grangda01,F
ilyaser01,F
bassbr01,F
villach01,F
warriha01,F
maxieja01,F
gomesry01,F
turiaro01,F
blatcan01,F
kleizli01,F
grahajo01,F
dioguik01,F
gelabmi01,F
mayse01,F
roberla01,F
simiewa01,F
taftch01,F
slokaur01,F
,
,
korolya01,F
lorbeer01,F
herveax01,F
garcifr01,F-G
johnsam01,F-C
bogutan01,C
bynuman01,C
mahinia01,C
petrojo01,C
andrima01,C
whalero01,C
ilicmi01,C
gortama01,C-F
fryech01,C-F
lowryky01,G
redicjj01,G
rondora01,G
roybr01,G
foyera01,G
gibsoda01,G
farmajo01,G
brownsh01,G
rodrise01,G
adamsha01,G
brownde03,G
doubyqu01,G
willima03,G
diazgu01,G
blalowi01,G
agerma01,G
collima01,G
halpeyo01,G
sefolth01,G-F
brewero02,G-F
whiteja02,G-F
millspa01,F
gayru01,F
tuckepj01,F
smithcr01,F
novakst01,F
thomaty01,F
powele01,F
willish02,F
balkmre01,F
willish03,F
carnero01,F
jonesso01,F
johnsal01,F
jonesbo02,F
noelda01,F
augusja01,F
vincima01,F
simmoce01,F
morriad01,F
eliyali01,F
,
,
veremvl01,F
ugboaej01,F
aldrila01,F-C
bargnan01,F-C
boonejo01,F-C
armsthi01,F-C
freeljo01,F-C
holliry01,C
obryapa01,C
pecheol01,C
davispa01,C
perovko01,C
sambch01,C
markoda01,C
senesa01,C-F
bavcied01,C-F
conlemi01,G
sessira01,G
stuckro01,G
brookaa01,G
fernaru01,G
cookda02,G
lawac01,G
pruitga01,G
crittja01,G
almonmo01,G
curryja01,G
yuesu01,G
greenta01,G
strawdj01,G
koponpe01,G
seibure01,G
afflaar01,G-F
belinma01,G-F
youngni01,G-F
youngth01,F
greenje02,F
landrca01,F
chandwi01,F
mcrobjo01,F
thornal01,F
mcguido01,F
wrighju01,F
jianlyi01,F
fazekni01,F
richach01,F
tuckeal02,F
lasmest01,F
byarsde01,F
davidje01,F
willima04,F
nichode01,F
printgi01,F
duranke01,F-G
dudleja01,F-G
breweco01,F-G
newlebr01,F-G
wrighbr03,F-C
splitti01,F-C
davisgl01,F-C
smithja02,F-C
gasolma01,C
noahjo01,C
odengr01,C
grayaa01,C
fesenky01,C
baracst01,C
rakovmi01,C
horfoal01,C-F
hawessp01,C-F
willise01,C-F
westbru01,G
hillge01,G
dragigo01,G
augusdj01,G
leeco01,G
rosede01,G
gordoer01,G
chalmma01,G
mayooj01,G
bayleje01,G
douglch01,G
weaveky01,G
hairsma01,G
giddejr01,G
singlse01,G
taylomi01,G
rushbr01,G-F
weemsso01,G-F
loveke01,F
gallida01,F
anderry01,F
mbahalu01,F
beaslmi01,F
arthuda01,F
randoan01,F
walkebi01,F
whitedj01,F
dorsejo01,F
greendo01,F
jacksda01,F
alexajo01,F
crawfjo01,F
sharpwa01,F
ewingpa02,F
dragita01,F
leunema01,F
batumni01,F-G
ibakase01,F-C
thompja02,F-C
hicksjj01,F-C
jordade01,C
lopezbr01,C
lopezro01,C
hibbero01,C
mcgeeja01,C
koufoko01,C
asikom01,C
pekovni01,C
erdense01,C
kaunsa01,C
tomican01,C
hardide01,C
speigma01,C-F
ajincal01,C-F
jawaina01,C-F
hardeja01,G
curryst01,G
collida01,G
teaguje01,G
lawsoty01,G
holidjr01,G
rubiori01,G
jennibr01,G
millspa02,G
beverpa01,G
meeksjo01,G
thornma01,G
hendege02,G
ellinwa01,G
douglto01,G
beaubro01,G
priceaj01,G
maynoer01,G
calatni01,G
decolna01,G
,
,
tayloje02,G
hudsole01,G
flynnjo01,G
llullse01,G
gladyse01,G
derozde01,G-F
greenda02,G-F
evansty01,G-F
griffbl01,F
gibsota01,F
carrode01,F
jerebjo01,F
cunnida01,F
johnsja01,F
hansbty01,F
casspom01,F
budinch01,F
pendeje02,F
youngsa01,F
dayeau01,F
brownde04,F
brockjo01,F
clarkea01,F
clavevi01,F
griffta01,F
summeda01,F
willite01,F
eyengch01,F
preldem01,F-G
blairde01,F-C
norelhe01,F-C
thabeha01,C
mulleby01,C
hilljo01,C-F
elonuch01,C-F
walljo01,G
bledser01,G
turneev01,G
bradlav01,G
vasqugr01,G
crawfjo02,G
henryxa01,G
williel01,G
jonesdo02,G
warrewi01,G
johnsar02,G
hobsoda01,G
rautian01,G
stephla01,G-F
pondequ01,G-F
anderja01,G-F
jamesda01,G-F
georgpa01,F
davised01,F
pattepa01,F
aminual01,F
booketr01,F
bjeline01,F
fieldla01,F
evansje01,F
babbilu01,F
serapke01,F
haranlu01,F
varnaja01,F
ebankde01,F
caracde01,F
haywala01,F
reidry01,F
lawalga01,F
sypa01,F
brackcr01,F
willila01,F
,
,
collidw01,F
haywago01,F-G
johnswe01,F-G
favorde01,F-C
richary01,F-C
whiteha01,C
aldrico01,C
jordaje01,C
pittmde01,C
alabiso01,C
ndiayha01,C
pleisti01,C
prestpa01,C
monrogr01,C-F
couside01,C-F
udohek01,C-F
sandela01,C-F
ortonda01,C-F
irvinky01,G
walkeke02,G
thomais02,G
jacksre01,G
josepco01,G
burksal01,G
shumpim01,G
knighbr03,G
macksh01,G
coleno01,G
fredeji01,G
liggide01,G
jenkich01,G
leema01,G
leslitr01,G
goudean01,G
morrida01,G
selbyjo01,G
smithno01,G
diebljo01,G
,
,
hangaad01,G
thompkl01,G-F
bogdabo02,G-F
mooreet01,G-F
brookma01,G-F
hamiljo02,G-F
leonaka01,F
harrito02,F
farieke01,F
parsoch01,F
morrima03,F
morrima02,F
mirotni01,F
willide02,F
leuerjo01,F
singlky01,F
bertada01,F
veselja01,F
singlch01,F
willijo03,F
macklve01,F
johnsja02,F
thomptr02,F
honeyty01,F
harpeju01,F
maduach01,F
butleji01,F-G
thomptr01,F-C
allenla01,F-C
motiedo01,F-C
macvami01,F-C
majokat01,F-C
valanjo01,C
vucevni01,C
kanteen01,C
harrejo01,C
tylerje01,C
bensoke02,C
biyombi01,C-F
lillada01,G
bealbr01,G
bartowi01,G
satorto01,G
riverau01,G
waitedi01,G
jenkijo01,G
johnsor01,G
marshke01,G
cunnija01,G
engliki01,G
lambdo01,G
murphke01,G
johnsda03,G
teaguma01,G
tayloty01,G
wroteto01,G
denmoma01,G
lambje01,G-F
fournev01,G-F
greendr01,F
barneha02,F
crowdja01,F
kiddgmi01,F
sullija01,F
joneste01,F
scottmi01,F
milleda01,F
robinth01,F
nichoan01,F
hummero01,F
moultar01,F
jonespe01,F
tayloje03,F
papanko01,F
whitero03,F
millequ01,F
josepkr01,F
shengto01,F
zubcito01,F
,
,
karamil01,F
middlkh01,F-G
rosste01,F-G
harklma01,F-G
davisan02,F-C
zellety01,F-C
oquinky01,F-C
acyqu01,F-C
aldemfu01,F-C
drumman01,C
ezelife01,C
hamilju01,C
sacrero01,C
jamesbe01,C
kuzmiog01,C
melofa01,C
hensojo01,C-F
leoname01,C-F
plumlmi01,C-F
turkyiz01,C-F
mccolcj01,G
oladivi01,G
caldwke01,G
hardati02,G
schrode01,G
burketr01,G
cartemi01,G
mclembe01,G
netora01,G
larkish01,G
canaais01,G
mccalra01,G
goodwar01,G
woltena01,G
greener01,G
felixca01,G
frankja01,G
jackspi01,G
ricegl02,G
brownlo01,G
,
,
sivape01,G
nedovne01,G
ledori01,G
crabbal01,G-F
snellto01,G-F
roberan03,G-F
bullore01,G-F
abrinal01,G-F
karasse01,G-F
porteot01,F
ennisja01,F
hillso01,F
kellyry01,F
bennean01,F
mitchto02,F
jerregr01,F
murpher01,F
jeancli01,F
todorma01,F
kazemar01,F
oriakal01,F
thomade01,F
timmaja01,F
antetgi01,F-G
muhamsh01,F-G
muscami01,F-C
dubljbo01,F-C
goberru01,C
adamsst01,C
dienggo01,C
lenal01,C
witheje01,C
noguelu01,C
iversco01,C
plumlma01,C-F
olynyke01,C-F
zelleco01,C-F
noelne01,C-F
lauvejo01,C-F
smartma01,G
harriga01,G
dinwisp01,G
paytoel01,G
clarkjo01,G
harrijo01,G
lavinza01,G
napiesh01,G
bogdabo01,G
stausni01,G
exumda01,G
ennisty01,G
brownma02,G
mcraejo01,G
adamsjo01,G
wilcocj01,G
chrisse01,G
johnsni01,G
smithru01,G
micicva01,G
,
,
dangune01,G
thamexa01,G
hoodro01,G-F
robingl02,G-F
mcdankj01,G-F
hairspj02,G-F
youngja01,G-F
pattela01,G-F
marblde01,G-F
grantje01,F
gordoaa01,F
warretj01,F
parkeja01,F
saricda01,F
mcderdo01,F
vonleno01,F
cabocbr01,F
jeffeco01,F
huestjo01,F
antetth01,F
inglida01,F
earlycl01,F
daniede01,F
gential01,F
labeylo01,F
anderky01,F-G
wiggian01,F-G
poweldw01,F-C
randlju01,F-C
mcgarmi01,F-C
stokeja01,F-C
obryajo01,F-C
bairsca01,F-C
paynead01,F-C
brownal01,F-C
capelca01,C
embiijo01,C
nurkiju01,C
tavarwa01,C
jokicni01,C-F
richajo01,G
wrighde01,G
roziete01,G
bookede01,G
jonesty01,G
grantje02,G
powelno01,G
connapa01,G
russeda01,G
anderju01,G
harrian01,G
payneca01,G
hunterj01,G
youngjo01,G
hillida01,G
vaughra01,G
mudiaem01,G
hanlaol01,G
thornma02,G
eriksma01,G
,
,
harvety01,G
radicni01,G
pointsi01,G-F
tokotjp01,G-F
holliro01,F
portibo01,F
oubreke01,F
lylestr01,F
winslju01,F
dekkesa01,F
johnsst04,F
martija01,F
osmande01,F
mcculch01,F
mickejo01,F
chrisra01,F
dawsobr01,F
vauleju01,F
whiteaa01,F
diezda01,F
mitrolu01,F
hezonma01,F-G
brownan02,F-G
harremo01,F-C
caulewi01,F-C
nancela02,F-C
holmeri01,F-C
porzikr01,F-C
kaminfr01,F-C
looneke01,F-C
agravdi01,F-C
hernawi01,C
johnsda04,C
milutni01,C
gudaiar01,C
singhsa01,C
lalanca01,C
townska01,C-F
turnemy01,C-F
okafoja01,C-F
brogdma01,G
murraja01,G
hieldbu01,G
beaslma01,G
murrade01,G
valende01,G
mccawpa01,G
dunnkr01,G
korkmfu01,G
ulisty01,G
wallaty01,G
jacksde01,G
paigema01,G
richama01,G
gbinimi01,G
baldwwa01,G
feldeka01,G
whiteis01,G
michida01,G
cordiis01,G
,
,
cousiis01,G
simmobe01,G-F
leverca01,G-F
zipsepa01,G-F
hamilda02,G-F
zagorra01,G-F
siakapa01,F
hernaju01,F
diallch01,F
princta02,F
ingrabr01,F
labissk01,F
laymaja01,F
chrisma01,F
luwawti01,F
yabusgu01,F
niangge01,F
bembrde01,F
naderab01,F
ellenhe01,F
bolomjo01,F
bendedr01,F
johnsbr02,F
bentibe01,F
cornepe01,F
brownja02,F-G
sabondo01,F-C
makerth01,F-C
zizican01,F-C
jonesda03,F-C
onuakch01,F-C
qizh01,F-C
poeltja01,C
zubaciv01,C
papagge01,C
zimmest01,C
hammoaj01,C
stonedi01,C
sheliwa01,C
davisde01,C-F
mitchdo01,G
morrimo01,G
hartjo01,G
kennalu01,G
foxde01,G
whitede01,G
balllo01,G
brownst02,G
dotsoda01,G
bacondw01,G
dorsety01,G
thornsi01,G
masonfr01,G
allenka01,G
fultzma01,G
jacksfr01,G
monkma01,G
birdja01,G
sumneed01,G
reedda01,G
,
,
evansja01,G
smithde03,G
ntilila01,G
willini01,G
jaramog01,G
fergute01,G-F
jacksju01,G-F
tatumja01,F
collijo01,F
kuzmaky01,F
anunoog01,F
belljo01,F
isaacjo01,F
rabbiv01,F
iwundwe01,F
leaftj01,F
ojelese01,F
wilsodj01,F
boldejo01,F
harteis01,F
peteral01,F
blossja01,F
lydonty01,F
swanica01,F
cancavl01,F
lessoma01,F
vezenal01,F
,
,
kabaal01,F
brookdi01,F-G
jacksjo02,F-G
markkla01,F-C
gilesha01,F-C
bradlto01,F-C
anigbik01,F-C
bryanth01,C
pattoju01,C
pasecan01,C
allenja01,C-F
adebaba01,C-F
colliza01,C-F
shamela01,G
youngtr01,G
gilgesh01,G
bridgmi01,G
brunsja01,G
huertke01,G
brownbr01,G
okogijo01,G
holidaa01,G
diallha01,G
divindo01,G
hutchch01,G
grahade01,G
miltosh01,G
robinje01,G
smithzh01,G
simonan01,G
walkelo01,G
allengr01,G
carteje01,G
,
,
thomakh01,G
meltode01,G
frazime01,G
bongais01,G
trentga02,G
okoboel01,G
sextoco01,G
sanonis01,G
carrto01,G
hallde01,G
doncilu01,G-F
bridgmi02,G-F
browntr01,G-F
kingge03,G-F
evansja02,G-F
musadz01,G-F
mykhasv01,G-F
baglema01,F
jacksja02,F
kurucro01,F
williro04,F
spellom01,F
bateske01,F
spaldra01,F
vandeja01,F
johnsal02,F
edwarvi01,F
antetko01,F
metuch01,F
knoxke01,F
portemi01,F
jacksju02,F
kulboar01,F
herveke01,F
wagnemo01,F-C
robinmi01,C
aytonde01,C
cartewe01,C
bambamo01,C
welshth01,C
